ResName1,ResName2,r_max,r_min,max_hist,diff
ARG,ARG,5.088594334916083,3.770143241073928,66,1.318451093842155
ARG,ASP,5.536562153717911,3.568201866080585,184,1.968360287637326
ARG,PRO,4.988411942753212,3.9516365701629623,35,1.0367753725902493
ARG,TRP,6.02774956937646,3.5401289453602005,38,2.4876206240162593
ARG,THR,4.760414870734094,3.699263970047596,54,1.0611509006864974
ARG,HIS,6.08168812588564,3.6850057277858834,30,2.396682398099757
ARG,GLU,5.817427207083634,3.5698318878701745,278,2.2475953192134597
ARG,LEU,4.807521618534134,3.6291362610984534,211,1.1783853574356802
ARG,SER,4.349509632868961,3.416214600105448,43,0.933295032763513
ARG,LYS,5.591941954052652,3.3105052277473277,32,2.2814367263053246
ARG,VAL,5.42871225805197,3.6737042099261976,81,1.7550080481257724
ARG,PHE,5.762139545618764,3.405436663184341,94,2.3567028824344227
ARG,ILE,5.748551424215552,3.9127776227949926,85,1.8357738014205598
ARG,TYR,5.969375118025376,3.4939922997222714,110,2.475382818303104
ARG,GLN,5.6647307234077235,3.7524762994446728,64,1.9122544239630508
ARG,ALA,4.11328626283928,3.1651033257408265,52,0.9481829370984531
ARG,ASN,5.425135053843764,3.5461376321262064,43,1.8789974217175578
ARG,MET,4.850982118386482,3.7486342520271783,26,1.1023478663593038
ARG,CYS,5.609640155464045,3.6992981895247214,13,1.9103419659393235
ASP,ARG,5.536562153717911,3.568201866080585,184,1.968360287637326
ASP,ASP,4.867469455317316,3.7417665792780133,16,1.1257028760393029
ASP,PRO,4.50715307507698,3.8601911301222382,20,0.6469619449547417
ASP,TRP,5.516161436786774,3.5445803523566948,40,1.9715810844300794
ASP,THR,4.283376420617733,3.4426282407913757,35,0.8407481798263574
ASP,HIS,4.941389392618612,3.335745794845848,71,1.6056435977727643
ASP,GLU,5.4362941132787315,3.753467237628503,44,1.6828268756502283
ASP,LEU,5.061103062767662,3.6857302926542475,71,1.3753727701134149
ASP,SER,3.7681281876867176,3.013372735974578,47,0.7547554517121395
ASP,LYS,4.64106137056358,3.6654191239724097,113,0.9756422465911707
ASP,VAL,4.536389755439854,3.0549832789640337,36,1.48140647647582
ASP,PHE,5.320362322634592,3.696462626653384,36,1.623899695981208
ASP,ILE,5.197205846117049,3.6947125169376935,34,1.5024933291793552
ASP,TYR,5.630046630343438,3.9511643164778882,97,1.6788823138655498
ASP,GLN,5.0553059930948425,3.700630733259632,30,1.3546752598352105
ASP,ALA,3.998047188532799,3.4826211296361484,27,0.5154260588966504
ASP,ASN,4.85613277600088,3.627938141773421,50,1.2281946342274592
ASP,MET,4.528708459341527,3.6861138407374887,11,0.8425946186040387
ASP,CYS,4.5262107561102045,4.067627410494538,7,0.4585833456156667
PRO,ARG,4.988411942753212,3.9516365701629623,35,1.0367753725902493
PRO,ASP,4.50715307507698,3.8601911301222382,20,0.6469619449547417
PRO,PRO,4.610600125449851,4.468437647061194,18,0.14216247838865748
PRO,TRP,5.855031857816828,3.5139921746263942,22,2.3410396831904334
PRO,THR,4.655835258623788,4.04536010213371,25,0.6104751564900779
PRO,HIS,5.071225135026758,3.888559078128065,18,1.182666056898693
PRO,GLU,4.923359032220548,3.7627103713386134,28,1.1606486608819342
PRO,LEU,5.1414585078864565,3.826007085854704,67,1.3154514220317526
PRO,SER,4.249488690903874,3.1091631014652217,25,1.1403255894386524
PRO,LYS,4.663311714981958,4.416872441503573,13,0.24643927347838535
PRO,VAL,4.9807861984930035,3.903517935786757,34,1.0772682627062466
PRO,PHE,4.76922557739568,3.901418542331218,34,0.867807035064462
PRO,ILE,4.946003650228237,4.2936761595673385,38,0.6523274906608982
PRO,TYR,4.128553669588706,3.77582756210262,59,0.35272610748608635
PRO,GLN,4.801176795661039,3.336450417070496,27,1.464726378590543
PRO,ALA,4.084283406884061,3.621396860922861,24,0.46288654596119994
PRO,ASN,5.440430969475199,3.6953286815538817,15,1.7451022879213172
PRO,MET,4.691668572982881,3.902356502881215,14,0.7893120701016656
PRO,CYS,4.08838313222957,3.9469699544366033,8,0.14141317779296658
TRP,ARG,6.02774956937646,3.5401289453602005,38,2.4876206240162593
TRP,ASP,5.516161436786774,3.5445803523566948,40,1.9715810844300794
TRP,PRO,5.855031857816828,3.5139921746263942,22,2.3410396831904334
TRP,TRP,7.1036013119519374,4.7163194286558525,38,2.387281883296085
TRP,THR,5.300018883856371,3.3199790052989218,36,1.9800398785574491
TRP,HIS,5.807225078447999,3.370164287824576,35,2.437060790623423
TRP,GLU,5.678293528437294,3.721466174022061,44,1.9568273544152328
TRP,LEU,6.456393551249615,3.359984030531879,184,3.096409520717736
TRP,SER,5.124729766449594,3.4351777537230404,31,1.6895520127265535
TRP,LYS,4.046650960089615,3.7096331691791886,24,0.33701779091042594
TRP,VAL,5.677977539605238,3.7808355530190085,61,1.8971419865862296
TRP,PHE,6.636637910561488,3.6239613075597013,87,3.0126766030017866
TRP,ILE,6.533723127322676,3.878796087002256,80,2.65492704032042
TRP,TYR,6.343319546176106,3.8379605661569913,60,2.505358980019115
TRP,GLN,5.603301297830155,3.674064211461604,40,1.9292370863685515
TRP,ALA,5.526307351796174,3.414758799043906,58,2.1115485527522675
TRP,ASN,5.580884619925225,3.8035092278837745,21,1.7773753920414506
TRP,MET,5.798814078492759,3.648853619665585,33,2.149960458827174
TRP,CYS,5.118125320229931,3.5402191871086366,10,1.577906133121294
THR,ARG,4.760414870734094,3.699263970047596,54,1.0611509006864974
THR,ASP,4.283376420617733,3.4426282407913757,35,0.8407481798263574
THR,PRO,4.655835258623788,4.04536010213371,25,0.6104751564900779
THR,TRP,5.300018883856371,3.3199790052989218,36,1.9800398785574491
THR,THR,4.83639445465065,3.58251267916516,46,1.2538817754854898
THR,HIS,5.267978687415178,3.383453665508299,33,1.8845250219068794
THR,GLU,4.829466113764035,3.469559591388329,57,1.3599065223757059
THR,LEU,5.62861781312866,3.4527232452152687,167,2.175894567913391
THR,SER,4.452229784461689,3.28501557076892,32,1.1672142136927692
THR,LYS,4.686146617543038,3.624863913498836,44,1.0612827040442019
THR,VAL,5.076023801569816,3.8075405726499776,79,1.2684832289198384
THR,PHE,5.688563593285962,3.247746320852571,78,2.440817272433391
THR,ILE,4.599300205409617,3.648808411993578,78,0.9504917934160386
THR,TYR,5.44898329689549,3.625804345332479,92,1.8231789515630106
THR,GLN,4.562728639541006,3.6527678215171,42,0.9099608180239058
THR,ALA,4.597496703842172,3.21179217921732,59,1.3857045246248516
THR,ASN,4.361725906142423,3.5704220186634563,25,0.7913038874789668
THR,MET,4.653004743495749,3.790022312555044,29,0.8629824309407046
THR,CYS,4.447779141927898,3.3987264893973803,8,1.0490526525305173
HIS,ARG,6.08168812588564,3.6850057277858834,30,2.396682398099757
HIS,ASP,4.941389392618612,3.335745794845848,71,1.6056435977727643
HIS,PRO,5.071225135026758,3.888559078128065,18,1.182666056898693
HIS,TRP,5.807225078447999,3.370164287824576,35,2.437060790623423
HIS,THR,5.267978687415178,3.383453665508299,33,1.8845250219068794
HIS,HIS,4.866068480057002,3.945956408884447,28,0.9201120711725554
HIS,GLU,5.154958592950245,3.6049829516620666,67,1.5499756412881784
HIS,LEU,4.910569364090072,3.884124077216337,102,1.0264452868737348
HIS,SER,4.249050223772647,3.5812171357791187,17,0.6678330879935284
HIS,LYS,5.408558322071872,3.754418589205036,18,1.6541397328668355
HIS,VAL,5.009379519166892,3.696918857171737,42,1.3124606619951549
HIS,PHE,5.484180515468628,3.5564644545769304,76,1.9277160608916977
HIS,ILE,4.6904884303025565,3.7130024763852485,35,0.977485953917308
HIS,TYR,5.613719761201791,3.4803650245978903,62,2.1333547366039007
HIS,GLN,5.221891804067165,3.4670064989346927,27,1.7548853051324724
HIS,ALA,4.425088619917785,3.1630422545515926,35,1.2620463653661926
HIS,ASN,5.125112214807645,3.8741833208205065,17,1.2509288939871386
HIS,MET,4.782898089847262,3.946083399171087,13,0.8368146906761753
HIS,CYS,4.552960216291799,3.4130165775331003,10,1.139943638758699
GLU,ARG,5.817427207083634,3.5698318878701745,278,2.2475953192134597
GLU,ASP,5.4362941132787315,3.753467237628503,44,1.6828268756502283
GLU,PRO,4.923359032220548,3.7627103713386134,28,1.1606486608819342
GLU,TRP,5.678293528437294,3.721466174022061,44,1.9568273544152328
GLU,THR,4.829466113764035,3.469559591388329,57,1.3599065223757059
GLU,HIS,5.154958592950245,3.6049829516620666,67,1.5499756412881784
GLU,GLU,4.905281679247539,4.007498245505918,24,0.8977834337416208
GLU,LEU,4.8388054614035205,3.8945601776155687,170,0.9442452837879518
GLU,SER,4.149957727823333,3.448529192666084,64,0.7014285351572487
GLU,LYS,5.40657788906458,3.6624249103330175,162,1.7441529787315622
GLU,VAL,5.129049588527488,3.489795659603424,83,1.6392539289240644
GLU,PHE,5.515579447396362,3.7527987908898273,67,1.7627806565065351
GLU,ILE,4.97951709593292,3.926044240479331,89,1.0534728554535886
GLU,TYR,5.109398628674622,3.7747362908512967,152,1.3346623378233256
GLU,GLN,4.920378949243736,3.9635771508260302,52,0.9568017984177062
GLU,ALA,4.62355794123442,3.4734501575444736,54,1.1501077836899465
GLU,ASN,4.605707653557535,3.8534845530636352,38,0.7522231004938997
GLU,MET,5.335782789963371,3.8850962212319593,17,1.4506865687314119
GLU,CYS,4.75037493021539,3.4067212149751365,14,1.3436537152402535
LEU,ARG,4.807521618534134,3.6291362610984534,211,1.1783853574356802
LEU,ASP,5.061103062767662,3.6857302926542475,71,1.3753727701134149
LEU,PRO,5.1414585078864565,3.826007085854704,67,1.3154514220317526
LEU,TRP,6.456393551249615,3.359984030531879,184,3.096409520717736
LEU,THR,5.62861781312866,3.4527232452152687,167,2.175894567913391
LEU,HIS,4.910569364090072,3.884124077216337,102,1.0264452868737348
LEU,GLU,4.8388054614035205,3.8945601776155687,170,0.9442452837879518
LEU,LEU,5.210719123580828,3.6480350413733147,1376,1.5626840822075136
LEU,SER,4.8674900955552625,3.631175458761896,112,1.2363146367933666
LEU,LYS,5.173734077687296,4.087538950680674,155,1.0861951270066221
LEU,VAL,5.287283554735167,3.9261185192113617,489,1.361165035523805
LEU,PHE,6.155487128721712,3.3916219388998945,555,2.763865189821818
LEU,ILE,5.40178154060755,3.8844895618938295,678,1.51729197871372
LEU,TYR,5.677876669919305,3.5604027844976085,313,2.117473885421697
LEU,GLN,4.8594072802604025,3.855727943930062,120,1.0036793363303405
LEU,ALA,4.345880338748843,3.239366478597184,353,1.1065138601516593
LEU,ASN,5.138172026020136,3.734995263809517,76,1.4031767622106193
LEU,MET,5.567844476075033,4.074427710012764,144,1.4934167660622686
LEU,CYS,4.594529423858377,3.8748344715629712,80,0.7196949522954061
SER,ARG,4.349509632868961,3.416214600105448,43,0.933295032763513
SER,ASP,3.7681281876867176,3.013372735974578,47,0.7547554517121395
SER,PRO,4.249488690903874,3.1091631014652217,25,1.1403255894386524
SER,TRP,5.124729766449594,3.4351777537230404,31,1.6895520127265535
SER,THR,4.452229784461689,3.28501557076892,32,1.1672142136927692
SER,HIS,4.249050223772647,3.5812171357791187,17,0.6678330879935284
SER,GLU,4.149957727823333,3.448529192666084,64,0.7014285351572487
SER,LEU,4.8674900955552625,3.631175458761896,112,1.2363146367933666
SER,SER,4.544909563928626,3.198264433781049,28,1.3466451301475773
SER,LYS,4.168823639789791,3.3577968589576517,33,0.811026780832139
SER,VAL,4.130744634418022,3.4113666802051514,50,0.7193779542128707
SER,PHE,4.803030382961872,3.436211415648277,71,1.3668189673135949
SER,ILE,4.791334090834081,3.4369426658343847,60,1.354391424999696
SER,TYR,4.8838483161744115,3.9444454694099287,61,0.9394028467644828
SER,GLN,4.505022362124595,3.0240153688767437,38,1.481006993247851
SER,ALA,3.9316657547721743,3.3015418585838376,38,0.6301238961883366
SER,ASN,4.494862804682626,3.34463507823578,28,1.150227726446846
SER,MET,4.918882551392285,3.827776652866626,14,1.0911058985256585
SER,CYS,4.264125080665541,3.176515424815598,13,1.0876096558499428
LYS,ARG,5.591941954052652,3.3105052277473277,32,2.2814367263053246
LYS,ASP,4.64106137056358,3.6654191239724097,113,0.9756422465911707
LYS,PRO,4.663311714981958,4.416872441503573,13,0.24643927347838535
LYS,TRP,4.046650960089615,3.7096331691791886,24,0.33701779091042594
LYS,THR,4.686146617543038,3.624863913498836,44,1.0612827040442019
LYS,HIS,5.408558322071872,3.754418589205036,18,1.6541397328668355
LYS,GLU,5.40657788906458,3.6624249103330175,162,1.7441529787315622
LYS,LEU,5.173734077687296,4.087538950680674,155,1.0861951270066221
LYS,SER,4.168823639789791,3.3577968589576517,33,0.811026780832139
LYS,LYS,6.180137578367599,4.19012761758902,22,1.990009960778579
LYS,VAL,5.355445112607934,3.9779869601698823,47,1.3774581524380518
LYS,PHE,5.5198255100631,3.812564769709888,55,1.7072607403532123
LYS,ILE,5.6285055088240075,3.905412447132299,71,1.7230930616917086
LYS,TYR,4.167877494221605,3.75541832218057,80,0.4124591720410349
LYS,GLN,5.363644540053782,4.025119792903413,22,1.3385247471503687
LYS,ALA,4.271887970361339,3.585735544594581,30,0.6861524257667582
LYS,ASN,5.3086303937908585,3.5168402632880262,43,1.7917901305028323
LYS,MET,5.542030777814148,3.9346407116092568,18,1.607390066204891
LYS,CYS,4.612569779404446,3.86974766613579,17,0.7428221132686557
VAL,ARG,5.42871225805197,3.6737042099261976,81,1.7550080481257724
VAL,ASP,4.536389755439854,3.0549832789640337,36,1.48140647647582
VAL,PRO,4.9807861984930035,3.903517935786757,34,1.0772682627062466
VAL,TRP,5.677977539605238,3.7808355530190085,61,1.8971419865862296
VAL,THR,5.076023801569816,3.8075405726499776,79,1.2684832289198384
VAL,HIS,5.009379519166892,3.696918857171737,42,1.3124606619951549
VAL,GLU,5.129049588527488,3.489795659603424,83,1.6392539289240644
VAL,LEU,5.287283554735167,3.9261185192113617,489,1.361165035523805
VAL,SER,4.130744634418022,3.4113666802051514,50,0.7193779542128707
VAL,LYS,5.355445112607934,3.9779869601698823,47,1.3774581524380518
VAL,VAL,5.013161388468912,3.718176634133084,204,1.2949847543358284
VAL,PHE,5.365295229184122,3.684757677060904,210,1.680537552123218
VAL,ILE,5.27632040463688,3.7090935331851806,249,1.567226871451699
VAL,TYR,5.523210096978236,3.5586028814509088,131,1.964607215527327
VAL,GLN,5.018976812662832,3.6761271017711743,65,1.3428497108916573
VAL,ALA,4.604080038841781,3.0690213491362672,190,1.5350586897055138
VAL,ASN,4.950674872718615,3.776137987346402,50,1.1745368853722131
VAL,MET,5.300841270618797,3.913367674010056,56,1.387473596608741
VAL,CYS,4.806346478245098,3.4797066873511535,33,1.3266397908939447
PHE,ARG,5.762139545618764,3.405436663184341,94,2.3567028824344227
PHE,ASP,5.320362322634592,3.696462626653384,36,1.623899695981208
PHE,PRO,4.76922557739568,3.901418542331218,34,0.867807035064462
PHE,TRP,6.636637910561488,3.6239613075597013,87,3.0126766030017866
PHE,THR,5.688563593285962,3.247746320852571,78,2.440817272433391
PHE,HIS,5.484180515468628,3.5564644545769304,76,1.9277160608916977
PHE,GLU,5.515579447396362,3.7527987908898273,67,1.7627806565065351
PHE,LEU,6.155487128721712,3.3916219388998945,555,2.763865189821818
PHE,SER,4.803030382961872,3.436211415648277,71,1.3668189673135949
PHE,LYS,5.5198255100631,3.812564769709888,55,1.7072607403532123
PHE,VAL,5.365295229184122,3.684757677060904,210,1.680537552123218
PHE,PHE,5.443006481451775,3.3340645953701054,396,2.1089418860816695
PHE,ILE,5.588709180222583,3.6857617971965246,303,1.9029473830260586
PHE,TYR,5.182876002616489,3.8086306087709576,208,1.374245393845531
PHE,GLN,5.2782959652949515,3.6971178088735943,47,1.5811781564213572
PHE,ALA,5.047009309545459,3.36056700700122,143,1.6864423025442385
PHE,ASN,5.28916645399757,3.8145103829030327,43,1.4746560710945373
PHE,MET,5.63314765978272,3.926979712624471,108,1.706167947158249
PHE,CYS,5.073280277210612,3.524322719950452,43,1.5489575572601604
ILE,ARG,5.748551424215552,3.9127776227949926,85,1.8357738014205598
ILE,ASP,5.197205846117049,3.6947125169376935,34,1.5024933291793552
ILE,PRO,4.946003650228237,4.2936761595673385,38,0.6523274906608982
ILE,TRP,6.533723127322676,3.878796087002256,80,2.65492704032042
ILE,THR,4.599300205409617,3.648808411993578,78,0.9504917934160386
ILE,HIS,4.6904884303025565,3.7130024763852485,35,0.977485953917308
ILE,GLU,4.97951709593292,3.926044240479331,89,1.0534728554535886
ILE,LEU,5.40178154060755,3.8844895618938295,678,1.51729197871372
ILE,SER,4.791334090834081,3.4369426658343847,60,1.354391424999696
ILE,LYS,5.6285055088240075,3.905412447132299,71,1.7230930616917086
ILE,VAL,5.27632040463688,3.7090935331851806,249,1.567226871451699
ILE,PHE,5.588709180222583,3.6857617971965246,303,1.9029473830260586
ILE,ILE,5.093757557693289,4.133771859923081,394,0.9599856977702084
ILE,TYR,5.807247267419065,3.723681952754527,189,2.083565314664538
ILE,GLN,5.463058411533812,3.8589254591400683,59,1.6041329523937433
ILE,ALA,4.562831739736314,3.3985281287653697,183,1.1643036109709444
ILE,ASN,5.287703474198189,3.7994897068653364,42,1.4882137673328524
ILE,MET,4.879699110061296,3.8640545867102656,91,1.01564452335103
ILE,CYS,4.978778603289647,3.5614646497079847,39,1.4173139535816621
TYR,ARG,5.969375118025376,3.4939922997222714,110,2.475382818303104
TYR,ASP,5.630046630343438,3.9511643164778882,97,1.6788823138655498
TYR,PRO,4.128553669588706,3.77582756210262,59,0.35272610748608635
TYR,TRP,6.343319546176106,3.8379605661569913,60,2.505358980019115
TYR,THR,5.44898329689549,3.625804345332479,92,1.8231789515630106
TYR,HIS,5.613719761201791,3.4803650245978903,62,2.1333547366039007
TYR,GLU,5.109398628674622,3.7747362908512967,152,1.3346623378233256
TYR,LEU,5.677876669919305,3.5604027844976085,313,2.117473885421697
TYR,SER,4.8838483161744115,3.9444454694099287,61,0.9394028467644828
TYR,LYS,4.167877494221605,3.75541832218057,80,0.4124591720410349
TYR,VAL,5.523210096978236,3.5586028814509088,131,1.964607215527327
TYR,PHE,5.182876002616489,3.8086306087709576,208,1.374245393845531
TYR,ILE,5.807247267419065,3.723681952754527,189,2.083565314664538
TYR,TYR,6.316239735444954,3.593894540224103,126,2.7223451952208513
TYR,GLN,5.844671617944781,3.4119364552137914,77,2.432735162730989
TYR,ALA,4.9064044995189935,3.3507935852251665,97,1.555610914293827
TYR,ASN,5.52853645371146,3.4557335422288684,68,2.072802911482592
TYR,MET,5.623239071591488,3.4081877687378372,56,2.215051302853651
TYR,CYS,5.403670011707491,3.6791039107168313,38,1.7245661009906597
GLN,ARG,5.6647307234077235,3.7524762994446728,64,1.9122544239630508
GLN,ASP,5.0553059930948425,3.700630733259632,30,1.3546752598352105
GLN,PRO,4.801176795661039,3.336450417070496,27,1.464726378590543
GLN,TRP,5.603301297830155,3.674064211461604,40,1.9292370863685515
GLN,THR,4.562728639541006,3.6527678215171,42,0.9099608180239058
GLN,HIS,5.221891804067165,3.4670064989346927,27,1.7548853051324724
GLN,GLU,4.920378949243736,3.9635771508260302,52,0.9568017984177062
GLN,LEU,4.8594072802604025,3.855727943930062,120,1.0036793363303405
GLN,SER,4.505022362124595,3.0240153688767437,38,1.481006993247851
GLN,LYS,5.363644540053782,4.025119792903413,22,1.3385247471503687
GLN,VAL,5.018976812662832,3.6761271017711743,65,1.3428497108916573
GLN,PHE,5.2782959652949515,3.6971178088735943,47,1.5811781564213572
GLN,ILE,5.463058411533812,3.8589254591400683,59,1.6041329523937433
GLN,TYR,5.844671617944781,3.4119364552137914,77,2.432735162730989
GLN,GLN,5.0150692594365385,3.511944919278952,68,1.5031243401575867
GLN,ALA,4.426307620153041,3.2467704630277234,49,1.179537157125318
GLN,ASN,5.145927474130588,3.596181023235052,26,1.5497464508955354
GLN,MET,4.590388891549803,3.8326179819191344,12,0.7577709096306684
GLN,CYS,4.433296681061407,3.5754968526379,19,0.8577998284235067
ALA,ARG,4.11328626283928,3.1651033257408265,52,0.9481829370984531
ALA,ASP,3.998047188532799,3.4826211296361484,27,0.5154260588966504
ALA,PRO,4.084283406884061,3.621396860922861,24,0.46288654596119994
ALA,TRP,5.526307351796174,3.414758799043906,58,2.1115485527522675
ALA,THR,4.597496703842172,3.21179217921732,59,1.3857045246248516
ALA,HIS,4.425088619917785,3.1630422545515926,35,1.2620463653661926
ALA,GLU,4.62355794123442,3.4734501575444736,54,1.1501077836899465
ALA,LEU,4.345880338748843,3.239366478597184,353,1.1065138601516593
ALA,SER,3.9316657547721743,3.3015418585838376,38,0.6301238961883366
ALA,LYS,4.271887970361339,3.585735544594581,30,0.6861524257667582
ALA,VAL,4.604080038841781,3.0690213491362672,190,1.5350586897055138
ALA,PHE,5.047009309545459,3.36056700700122,143,1.6864423025442385
ALA,ILE,4.562831739736314,3.3985281287653697,183,1.1643036109709444
ALA,TYR,4.9064044995189935,3.3507935852251665,97,1.555610914293827
ALA,GLN,4.426307620153041,3.2467704630277234,49,1.179537157125318
ALA,ALA,3.912597214011285,3.1385036741172017,128,0.7740935398940834
ALA,ASN,4.356865511784173,3.508407097734372,25,0.848458414049801
ALA,MET,4.093990075970731,3.408896671364164,45,0.6850934046065666
ALA,CYS,3.9635970190741814,3.0152721090803287,30,0.9483249099938527
ASN,ARG,5.425135053843764,3.5461376321262064,43,1.8789974217175578
ASN,ASP,4.85613277600088,3.627938141773421,50,1.2281946342274592
ASN,PRO,5.440430969475199,3.6953286815538817,15,1.7451022879213172
ASN,TRP,5.580884619925225,3.8035092278837745,21,1.7773753920414506
ASN,THR,4.361725906142423,3.5704220186634563,25,0.7913038874789668
ASN,HIS,5.125112214807645,3.8741833208205065,17,1.2509288939871386
ASN,GLU,4.605707653557535,3.8534845530636352,38,0.7522231004938997
ASN,LEU,5.138172026020136,3.734995263809517,76,1.4031767622106193
ASN,SER,4.494862804682626,3.34463507823578,28,1.150227726446846
ASN,LYS,5.3086303937908585,3.5168402632880262,43,1.7917901305028323
ASN,VAL,4.950674872718615,3.776137987346402,50,1.1745368853722131
ASN,PHE,5.28916645399757,3.8145103829030327,43,1.4746560710945373
ASN,ILE,5.287703474198189,3.7994897068653364,42,1.4882137673328524
ASN,TYR,5.52853645371146,3.4557335422288684,68,2.072802911482592
ASN,GLN,5.145927474130588,3.596181023235052,26,1.5497464508955354
ASN,ALA,4.356865511784173,3.508407097734372,25,0.848458414049801
ASN,ASN,4.837944633600414,3.628357895920306,26,1.209586737680108
ASN,MET,4.111721967451441,3.828985313128239,17,0.2827366543232017
ASN,CYS,4.147388419573817,3.668862700181706,5,0.4785257193921111
MET,ARG,4.850982118386482,3.7486342520271783,26,1.1023478663593038
MET,ASP,4.528708459341527,3.6861138407374887,11,0.8425946186040387
MET,PRO,4.691668572982881,3.902356502881215,14,0.7893120701016656
MET,TRP,5.798814078492759,3.648853619665585,33,2.149960458827174
MET,THR,4.653004743495749,3.790022312555044,29,0.8629824309407046
MET,HIS,4.782898089847262,3.946083399171087,13,0.8368146906761753
MET,GLU,5.335782789963371,3.8850962212319593,17,1.4506865687314119
MET,LEU,5.567844476075033,4.074427710012764,144,1.4934167660622686
MET,SER,4.918882551392285,3.827776652866626,14,1.0911058985256585
MET,LYS,5.542030777814148,3.9346407116092568,18,1.607390066204891
MET,VAL,5.300841270618797,3.913367674010056,56,1.387473596608741
MET,PHE,5.63314765978272,3.926979712624471,108,1.706167947158249
MET,ILE,4.879699110061296,3.8640545867102656,91,1.01564452335103
MET,TYR,5.623239071591488,3.4081877687378372,56,2.215051302853651
MET,GLN,4.590388891549803,3.8326179819191344,12,0.7577709096306684
MET,ALA,4.093990075970731,3.408896671364164,45,0.6850934046065666
MET,ASN,4.111721967451441,3.828985313128239,17,0.2827366543232017
MET,MET,4.909245252486076,3.918445192396903,42,0.9908000600891729
MET,CYS,4.957797305562399,3.8547166136187663,10,1.1030806919436325
CYS,ARG,5.609640155464045,3.6992981895247214,13,1.9103419659393235
CYS,ASP,4.5262107561102045,4.067627410494538,7,0.4585833456156667
CYS,PRO,4.08838313222957,3.9469699544366033,8,0.14141317779296658
CYS,TRP,5.118125320229931,3.5402191871086366,10,1.577906133121294
CYS,THR,4.447779141927898,3.3987264893973803,8,1.0490526525305173
CYS,HIS,4.552960216291799,3.4130165775331003,10,1.139943638758699
CYS,GLU,4.75037493021539,3.4067212149751365,14,1.3436537152402535
CYS,LEU,4.594529423858377,3.8748344715629712,80,0.7196949522954061
CYS,SER,4.264125080665541,3.176515424815598,13,1.0876096558499428
CYS,LYS,4.612569779404446,3.86974766613579,17,0.7428221132686557
CYS,VAL,4.806346478245098,3.4797066873511535,33,1.3266397908939447
CYS,PHE,5.073280277210612,3.524322719950452,43,1.5489575572601604
CYS,ILE,4.978778603289647,3.5614646497079847,39,1.4173139535816621
CYS,TYR,5.403670011707491,3.6791039107168313,38,1.7245661009906597
CYS,GLN,4.433296681061407,3.5754968526379,19,0.8577998284235067
CYS,ALA,3.9635970190741814,3.0152721090803287,30,0.9483249099938527
CYS,ASN,4.147388419573817,3.668862700181706,5,0.4785257193921111
CYS,MET,4.957797305562399,3.8547166136187663,10,1.1030806919436325
CYS,CYS,2.3846281343955766,2.062640965053271,134,0.32198716934230553
